styear,stmon,events,warevents,fatalmin,fatalmax,warfatalmin,warfatalmax
1816,7,2,0,0,0,0,0
1818,3,3,0,0,0,0,0
1818,4,3,0,0,0,0,0
1818,5,2,0,2,40,0,0
1821,3,4,0,27,125,0,0
1821,4,1,0,27,125,0,0
1821,7,1,0,0,0,0,0
1821,8,2,0,0,0,0,0
1822,9,1,0,0,0,0,0
1823,1,1,0,0,0,0,0
1823,4,5,0,0,0,0,0
1823,7,2,0,0,0,0,0
1823,8,2,2,170,195,170,195
1823,10,1,0,0,0,0,0
1826,3,1,0,0,0,0,0
1826,4,1,0,0,0,0,0
1826,7,1,0,0,0,0,0
1826,10,1,0,0,0,0,0
1827,8,6,0,0,0,0,0
1827,10,3,0,2160,3200,0,0
1827,11,1,0,0,0,0,0
1827,12,1,0,0,0,0,0
1828,5,1,0,500,700,0,0
1828,7,2,1,2795,3445,2795,3445
1828,8,6,3,14300,16770,14300,16770
1828,9,3,0,0,0,0,0
1828,10,5,0,111,225,0,0
1829,2,1,1,3900,5200,3900,5200
1829,6,1,1,6890,8710,6890,8710
1829,8,3,3,14400,19100,14400,19100
1829,9,3,0,252,525,0,0
1830,8,1,0,0,0,0,0
1830,9,1,0,0,0,0,0
1831,1,1,0,0,0,0,0
1831,4,2,0,0,0,0,0
1831,5,2,0,0,0,0,0
1831,7,4,0,3,3,0,0
1831,8,8,0,162,290,0,0
1833,6,4,0,0,0,0,0
1833,7,1,0,0,0,0,0
1833,9,2,0,0,0,0,0
1835,11,1,0,0,0,0,0
1835,12,1,0,0,0,0,0
1836,4,1,0,0,0,0,0
1836,5,1,0,0,0,0,0
1836,7,1,0,0,0,0,0
1836,8,1,0,0,0,0,0
1836,11,1,0,0,0,0,0
1836,12,1,0,0,0,0,0
1837,1,1,0,0,0,0,0
1837,2,1,0,0,0,0,0
1837,4,4,0,0,0,0,0
1837,12,1,0,0,0,0,0
1838,1,1,0,0,0,0,0
1838,2,1,0,0,0,0,0
1838,3,5,0,0,0,0,0
1838,4,2,0,0,0,0,0
1838,5,1,0,0,0,0,0
1838,10,1,0,0,0,0,0
1838,11,1,0,40,95,0,0
1839,2,5,0,0,0,0,0
1839,3,3,0,0,0,0,0
1839,4,2,0,0,0,0,0
1839,10,1,0,0,0,0,0
1840,12,2,0,0,0,0,0
1841,2,1,0,0,0,0,0
1842,2,3,0,0,0,0,0
1842,3,2,0,0,0,0,0
1842,10,3,0,0,0,0,0
1842,11,2,0,0,0,0,0
1843,1,2,0,0,0,0,0
1843,8,1,0,0,0,0,0
1843,9,1,0,0,0,0,0
1843,10,1,0,0,0,0,0
1843,11,2,0,0,0,0,0
1843,12,2,0,0,0,0,0
1844,2,1,0,0,0,0,0
1844,4,1,0,0,0,0,0
1844,5,1,0,0,0,0,0
1844,10,3,0,0,0,0,0
1844,11,1,0,0,0,0,0
1844,12,3,0,0,0,0,0
1845,3,1,0,0,0,0,0
1845,4,3,0,0,0,0,0
1845,7,5,0,0,0,0,0
1845,8,2,0,0,0,0,0
1845,9,4,0,0,0,0,0
1845,11,1,0,0,0,0,0
1846,1,2,0,0,0,0,0
1846,3,2,0,0,0,0,0
1846,4,3,0,15,16,0,0
1846,5,5,0,302,302,0,0
1846,7,3,0,0,0,0,0
1846,8,1,0,0,0,0,0
1846,9,3,2,321,488,321,488
1846,10,2,2,29,31,29,31
1846,11,4,1,7,8,7,8
1846,12,5,2,52,90,52,90
1847,1,6,6,95,95,95,95
1847,2,4,4,1302,1444,1302,1444
1847,3,1,1,93,363,93,363
1847,4,2,2,1067,3091,1067,3091
1847,5,1,1,2,50,2,50
1847,6,3,3,4,42,4,42
1847,7,3,2,56,68,56,68
1847,8,4,2,1162,1502,1162,1502
1847,9,4,4,4213,5425,4213,5425
1847,10,5,5,258,308,258,308
1847,11,6,6,143,286,143,286
1848,1,1,1,16,38,16,38
1848,2,1,1,151,151,151,151
1848,3,8,3,352,382,352,382
1848,4,26,15,1512,2450,1512,2450
1848,5,21,18,857,1375,857,1375
1848,6,8,8,900,1270,900,1270
1848,7,8,8,759,970,759,970
1848,8,2,2,12,22,12,22
1848,9,2,0,0,0,0,0
1849,3,6,2,1515,1665,1515,1665
1849,4,6,3,2240,2905,2240,2905
1849,5,5,3,294,484,294,484
1849,6,3,1,0,0,0,0
1849,7,1,1,1600,1900,1600,1900
1849,9,2,0,0,0,0,0
1849,10,2,0,0,0,0,0
1849,11,2,0,0,0,0,0
1850,1,1,0,0,0,0,0
1850,5,1,0,0,0,0,0
1850,6,2,0,0,0,0,0
1850,9,4,0,0,0,0,0
1850,10,6,0,0,0,0,0
1850,11,2,0,0,0,0,0
1851,5,2,0,0,0,0,0
1851,8,1,0,0,0,0,0
1851,10,2,2,2,50,2,50
1851,12,1,1,5,12,5,12
1852,1,1,1,75,150,75,150
1852,2,2,2,975,1250,975,1250
1852,4,5,0,0,0,0,0
1852,6,1,0,0,0,0,0
1852,7,2,0,0,0,0,0
1852,10,1,0,0,0,0,0
1853,1,3,0,0,0,0,0
1853,2,1,0,0,0,0,0
1853,5,1,0,0,0,0,0
1853,6,4,0,0,0,0,0
1853,7,1,0,0,0,0,0
1853,9,1,0,0,0,0,0
1853,11,3,3,3585,4465,3585,4465
1853,12,1,1,1300,1550,1300,1550
1854,1,5,2,5700,8100,5700,8100
1854,2,1,0,0,0,0,0
1854,3,1,0,0,0,0,0
1854,4,6,2,203,403,203,403
1854,5,11,1,4200,4800,4200,4800
1854,6,2,1,800,1600,800,1600
1854,7,4,2,2200,3100,2200,3100
1854,8,6,5,1495,2040,1495,2040
1854,9,5,5,61805,72165,61805,72165
1854,10,6,3,320,560,320,560
1854,11,2,2,5070,5830,5070,5830
1854,12,3,0,0,0,0,0
1855,1,1,0,0,0,0,0
1855,2,3,3,250,300,250,300
1855,3,2,0,0,0,0,0
1855,5,2,2,80,100,80,100
1855,6,3,2,1850,2425,1850,2425
1855,7,1,1,5000,8000,5000,8000
1855,8,5,5,2910,3540,2910,3540
1855,9,2,2,6600,8000,6600,8000
1855,10,5,2,42,402,42,402
1855,11,1,1,200,400,200,400
1856,3,1,0,0,0,0,0
1856,5,2,0,0,0,0,0
1856,6,1,0,0,0,0,0
1856,7,1,0,0,0,0,0
1856,8,1,0,0,0,0,0
1856,10,1,0,0,0,0,0
1856,11,3,0,0,0,0,0
1856,12,2,2,102,220,102,220
1857,1,1,0,0,0,0,0
1857,2,1,1,815,1025,815,1025
1857,3,1,1,110,230,110,230
1857,8,1,0,0,0,0,0
1857,9,2,0,0,0,0,0
1857,11,1,0,0,0,0,0
1858,1,1,0,0,0,0,0
1858,2,2,0,0,0,0,0
1858,5,3,0,0,0,0,0
1858,10,4,0,0,0,0,0
1858,11,2,0,0,0,0,0
1859,2,3,0,0,0,0,0
1859,3,1,0,0,0,0,0
1859,4,3,0,0,0,0,0
1859,5,6,6,1830,2630,1830,2630
1859,6,10,9,12530,15920,12530,15920
1859,10,2,0,0,0,0,0
1859,11,3,0,0,0,0,0
1859,12,2,0,200,400,0,0
1860,1,1,1,500,800,500,800
1860,2,3,1,3800,4900,3800,4900
1860,3,4,1,266,416,250,400
1860,5,1,0,0,0,0,0
1860,9,9,3,750,875,750,875
1860,10,1,1,550,600,550,600
1860,11,2,1,840,950,840,950
1860,12,3,0,0,0,0,0
1861,3,1,0,0,0,0,0
1861,4,1,0,0,0,0,0
1861,5,4,0,0,0,0,0
1861,8,1,0,0,0,0,0
1861,10,3,0,0,0,0,0
1861,11,1,0,0,0,0,0
1861,12,5,0,0,0,0,0
1862,1,2,0,0,0,0,0
1862,2,1,0,0,0,0,0
1862,3,10,0,0,0,0,0
1862,4,7,1,57,57,52,52
1862,5,4,2,234,755,234,755
1862,6,8,1,2,10,0,0
1862,7,4,0,52,200,0,0
1862,8,2,0,0,0,0,0
1862,9,1,0,0,0,0,0
1862,12,2,0,0,0,0,0
1863,1,8,2,308,401,308,401
1863,2,1,1,405,471,405,471
1863,3,2,2,902,1605,902,1605
1863,4,5,3,345,401,345,401
1863,5,2,2,1113,2113,1113,2113
1863,6,4,1,2,10,0,0
1863,7,5,0,9,16,0,0
1863,8,2,0,0,0,0,0
1863,9,1,0,0,0,0,0
1863,10,5,2,134,143,134,143
1863,11,8,4,42,450,2,50
1863,12,6,3,330,460,330,460
1864,1,9,1,1989,2089,1989,2089
1864,2,9,5,855,1272,855,1272
1864,3,3,3,922,1038,922,1038
1864,4,7,0,0,0,0,0
1864,5,6,2,55,90,55,90
1864,6,4,2,300,425,300,425
1864,7,5,1,30,35,30,35
1864,8,7,2,375,820,375,820
1864,9,8,2,322,475,292,425
1864,10,1,0,0,0,0,0
1864,11,10,2,340,380,340,380
1864,12,7,1,226,385,51,51
1865,1,6,1,824,2120,800,2000
1865,2,3,1,60,110,60,110
1865,3,3,1,70,70,70,70
1865,4,9,2,1160,2451,1102,2312
1865,5,4,2,700,900,700,900
1865,6,5,4,1042,1227,1042,1227
1865,7,4,2,42,110,42,110
1865,8,9,9,4572,4992,4572,4992
1865,9,7,2,80,110,80,110
1865,11,6,0,4,4,0,0
1865,12,3,0,3,10,0,0
1866,1,6,4,1842,4305,1842,4305
1866,2,2,0,2,12,0,0
1866,3,9,2,4,70,4,70
1866,4,14,6,1952,3400,1952,3400
1866,5,12,5,8743,10338,8600,10095
1866,6,27,14,9420,12050,9420,12050
1866,7,29,28,11626,12822,11626,12822
1866,8,1,0,0,0,0,0
1866,9,5,5,5278,5442,5278,5442
1866,10,1,0,0,0,0,0
1866,11,2,1,190,301,190,301
1867,1,3,3,1900,4500,1900,4500
1867,2,1,1,51,125,51,125
1867,5,4,4,2162,4486,2162,4486
1867,7,3,3,5050,8133,5050,8133
1867,8,3,3,92,320,92,320
1867,9,2,2,388,674,388,674
1867,10,3,3,1328,1778,1328,1778
1867,11,2,2,2998,3058,2998,3058
1867,12,1,1,155,310,155,310
1868,1,2,2,1600,4000,1600,4000
1868,2,2,2,375,675,375,675
1868,3,1,1,116,216,116,216
1868,5,2,2,270,446,270,446
1868,7,4,4,504,578,504,578
1868,8,1,1,50,200,50,200
1868,11,1,0,0,0,0,0
1868,12,10,7,10384,11983,10384,11983
1869,1,3,3,105,601,105,601
1869,5,1,1,375,600,375,600
1869,6,1,1,125,350,125,350
1869,8,3,3,3243,3993,3243,3993
1869,11,2,1,102,202,102,202
1870,1,2,2,28,175,28,175
1870,3,1,1,100,100,100,100
1870,5,3,0,0,0,0,0
1870,6,5,0,0,0,0,0
1870,7,11,0,0,0,0,0
1870,8,27,27,32791,37095,32791,37095
1870,9,10,10,13260,15480,13260,15480
1870,10,22,22,2203,3390,2203,3390
1870,11,12,12,6345,8830,6345,8830
1870,12,8,8,12900,16800,12900,16800
1871,1,9,9,6710,9270,6710,9270
1871,6,3,0,2,150,0,0
1871,7,3,0,0,0,0,0
1872,3,1,0,0,0,0,0
1872,5,1,0,0,0,0,0
1872,6,2,0,0,0,0,0
1872,7,2,0,0,0,0,0
1872,8,1,0,0,0,0,0
1873,4,2,0,0,0,0,0
1873,6,2,0,0,0,0,0
1873,10,2,0,0,0,0,0
1873,11,4,0,0,0,0,0
1874,3,2,0,0,0,0,0
1874,5,1,0,0,0,0,0
1874,8,1,0,0,0,0,0
1874,9,1,0,0,0,0,0
1875,3,3,0,0,0,0,0
1875,4,1,0,0,0,0,0
1875,6,5,0,2,20,0,0
1875,7,1,0,0,0,0,0
1876,1,2,0,0,0,0,0
1876,3,8,0,26,60,0,0
1876,4,3,3,1200,2200,1200,2200
1876,5,5,0,0,0,0,0
1876,9,1,0,0,0,0,0
1876,10,2,0,0,0,0,0
1876,12,1,0,0,0,0,0
1877,1,1,0,0,0,0,0
1877,3,2,0,0,0,0,0
1877,4,3,0,0,0,0,0
1877,5,3,1,51,110,50,100
1877,6,7,4,470,760,470,760
1877,7,6,3,37470,52350,37470,52350
1877,8,7,3,4550,5900,4550,5900
1877,9,2,2,3660,4630,3660,4630
1877,10,3,3,4800,5850,4800,5850
1877,11,4,3,3330,4150,3330,4150
1878,1,6,4,5450,7350,5450,7350
1878,2,6,0,0,0,0,0
1878,3,1,0,0,0,0,0
1878,8,2,0,0,0,0,0
1878,10,3,0,0,0,0,0
1878,11,1,0,0,0,0,0
1878,12,1,0,0,0,0,0
1879,2,2,0,0,0,0,0
1879,3,4,2,920,1435,920,1435
1879,4,1,0,0,0,0,0
1879,5,3,2,675,920,675,920
1879,10,1,1,31,36,31,36
1879,11,5,5,1150,1365,1150,1365
1880,1,1,1,640,860,640,860
1880,2,1,0,0,0,0,0
1880,3,3,1,30,45,30,45
1880,4,2,1,400,800,400,800
1880,5,4,1,775,1100,775,1100
1880,6,11,1,300,500,300,500
1880,8,7,0,0,0,0,0
1881,1,6,3,3760,4860,3760,4860
1881,3,2,0,0,0,0,0
1881,4,2,0,0,0,0,0
1881,5,1,0,0,0,0,0
1881,6,1,1,11,25,11,25
1881,7,2,0,0,0,0,0
1882,1,1,1,640,860,640,860
1882,2,2,1,30,40,30,40
1882,4,2,0,0,0,0,0
1882,5,2,0,0,0,0,0
1882,6,3,0,0,0,0,0
1882,7,3,2,191,261,191,261
1882,8,10,3,176,345,123,215
1882,9,2,1,550,660,550,660
1883,1,4,1,640,860,640,860
1883,3,4,0,10,50,0,0
1883,6,1,0,0,0,0,0
1883,7,1,1,810,920,810,920
1883,8,1,0,0,0,0,0
1883,9,1,0,0,0,0,0
1883,12,1,1,930,1040,930,1040
1884,3,2,1,95,120,95,120
1884,6,1,1,120,175,120,175
1884,8,3,2,856,1020,856,1020
1884,10,2,1,80,110,80,110
1884,11,3,0,52,155,0,0
1884,12,3,0,5,58,0,0
1885,1,2,1,1055,1230,990,1110
1885,2,2,0,0,0,0,0
1885,3,12,1,795,1160,255,360
1885,4,4,1,996,1175,975,1125
1885,7,1,0,0,0,0,0
1885,10,3,0,0,0,0,0
1885,11,1,0,0,0,0,0
1886,5,5,0,0,0,0,0
1886,8,1,0,0,0,0,0
1886,10,2,0,0,0,0,0
1887,2,2,0,0,0,0,0
1887,3,2,0,0,0,0,0
1887,4,1,0,0,0,0,0
1887,6,2,0,0,0,0,0
1887,12,1,0,0,0,0,0
1888,2,2,0,0,0,0,0
1888,9,3,0,0,0,0,0
1888,10,2,0,0,0,0,0
1888,12,3,0,0,0,0,0
1889,10,1,0,0,0,0,0
1889,12,1,0,0,0,0,0
1890,1,1,0,0,0,0,0
1890,6,1,0,0,0,0,0
1890,7,9,0,306,700,0,0
1890,10,1,0,0,0,0,0
1891,1,2,0,0,0,0,0
1891,2,1,0,0,0,0,0
1891,4,1,0,0,0,0,0
1891,7,2,0,0,0,0,0
1891,8,2,0,0,0,0,0
1891,12,1,0,0,0,0,0
1892,6,2,0,0,0,0,0
1893,3,2,0,0,0,0,0
1893,4,4,0,1,1,0,0
1893,5,1,0,0,0,0,0
1893,6,1,0,1,1,0,0
1893,7,5,1,19,19,19,19
1893,9,3,0,0,0,0,0
1893,10,11,0,92,176,0,0
1893,11,3,0,110,130,0,0
1893,12,1,0,2,50,0,0
1894,6,7,0,0,0,0,0
1894,7,6,2,782,1090,780,1070
1894,9,2,2,1935,2255,1935,2255
1894,10,1,1,1504,1610,1504,1610
1894,11,1,1,765,920,765,920
1894,12,1,1,230,350,230,350
1895,1,2,0,0,0,0,0
1895,2,4,2,2850,3370,2850,3370
1895,3,3,3,2510,2970,2510,2970
1895,4,6,0,0,0,0,0
1895,5,3,0,51,85,0,0
1895,7,4,0,85,85,0,0
1895,9,1,0,0,0,0,0
1895,10,1,0,0,0,0,0
1896,3,2,0,0,0,0,0
1896,12,3,0,0,0,0,0
1897,2,22,1,70,105,70,105
1897,3,25,0,0,0,0,0
1897,4,5,4,1035,1185,1035,1185
1897,5,5,3,745,860,745,860
1897,9,1,0,0,0,0,0
1897,10,2,0,0,0,0,0
1897,11,5,0,0,0,0,0
1897,12,6,0,0,0,0,0
1898,1,3,0,0,0,0,0
1898,2,2,0,268,268,0,0
1898,3,7,0,0,0,0,0
1898,4,5,0,2,50,0,0
1898,5,9,4,89,89,89,89
1898,6,12,6,97,295,97,295
1898,7,13,10,3964,3996,3964,3996
1898,8,10,8,81,98,81,98
1898,9,2,0,0,0,0,0
1898,10,4,0,0,0,0,0
1899,2,2,0,0,0,0,0
1899,4,1,0,0,0,0,0
1899,9,1,0,0,0,0,0
1899,10,3,0,0,0,0,0
1900,1,3,0,0,0,0,0
1900,2,2,0,0,0,0,0
1900,3,1,0,0,0,0,0
1900,5,17,0,0,0,0,0
1900,6,40,32,1782,3245,1782,3245
1900,7,8,8,380,620,380,620
1900,8,24,16,131,243,131,243
1900,9,1,0,0,0,0,0
1900,10,1,0,0,0,0,0
1901,1,1,0,0,0,0,0
1901,2,3,0,0,0,0,0
1901,6,1,0,0,0,0,0
1901,9,5,0,100,200,0,0
1901,10,1,0,0,0,0,0
1902,1,1,0,0,0,0,0
1902,2,2,0,0,0,0,0
1902,5,1,0,0,0,0,0
1902,6,3,0,0,0,0,0
1902,8,1,0,0,0,0,0
1902,10,3,0,0,0,0,0
1902,11,4,0,2,200,0,0
1902,12,16,0,0,0,0,0
1903,1,3,0,0,0,0,0
1903,2,1,0,0,0,0,0
1903,4,1,0,0,0,0,0
1903,6,6,0,4,4,0,0
1903,7,2,0,0,0,0,0
1903,10,2,0,0,0,0,0
1903,11,5,0,0,0,0,0
1903,12,1,0,0,0,0,0
1904,1,3,0,0,0,0,0
1904,2,5,3,2566,4600,2566,4600
1904,3,2,1,30,60,30,60
1904,4,3,1,1276,1536,640,900
1904,5,9,1,1225,1450,1225,1450
1904,6,6,1,660,705,660,705
1904,7,4,3,19230,22590,19200,22560
1904,8,3,3,9410,9935,9410,9935
1904,9,1,0,0,0,0,0
1904,10,4,1,13900,15000,13900,15000
1904,11,1,1,2800,3500,2800,3500
1905,1,9,1,3000,4000,3000,4000
1905,2,1,1,31000,37000,31000,37000
1905,5,1,1,4900,5125,4900,5125
1905,6,1,0,0,0,0,0
1905,7,1,1,190,205,190,205
1905,10,1,0,0,0,0,0
1905,11,12,0,0,0,0,0
1906,1,1,0,0,0,0,0
1906,2,2,0,0,0,0,0
1906,3,1,0,0,0,0,0
1906,5,3,0,0,0,0,0
1906,6,2,0,0,0,0,0
1906,7,9,4,951,4000,951,4000
1906,12,1,0,0,0,0,0
1907,1,4,0,1,25,0,0
1907,2,7,0,40,112,0,0
1907,3,14,3,1297,2414,1293,2314
1907,4,2,0,0,0,0,0
1907,8,8,0,2,50,0,0
1907,10,2,0,0,0,0,0
1907,11,3,0,0,0,0,0
1907,12,2,0,0,0,0,0
1908,2,3,0,0,0,0,0
1908,4,2,0,0,0,0,0
1908,6,5,0,0,0,0,0
1908,7,2,0,0,0,0,0
1908,8,3,0,0,0,0,0
1908,10,6,0,0,0,0,0
1908,11,2,0,0,0,0,0
1908,12,4,0,0,0,0,0
1909,1,5,0,0,0,0,0
1909,2,1,0,0,0,0,0
1909,3,5,0,0,0,0,0
1909,4,1,0,0,0,0,0
1909,5,1,0,0,0,0,0
1909,6,1,0,0,0,0,0
1909,7,4,1,726,1365,700,1300
1909,8,1,0,0,0,0,0
1909,9,1,1,1400,1700,1400,1700
1909,10,1,0,0,0,0,0
1909,11,1,1,900,2950,900,2950
1909,12,1,0,0,0,0,0
1910,1,1,0,600,950,0,0
1910,3,1,0,0,0,0,0
1910,4,7,0,0,0,0,0
1910,5,3,0,0,0,0,0
1910,7,1,0,0,0,0,0
1910,10,4,0,0,0,0,0
1910,12,2,0,2,50,0,0
1911,1,2,0,1,25,0,0
1911,2,5,0,0,0,0,0
1911,3,4,0,0,0,0,0
1911,4,3,0,0,0,0,0
1911,5,6,0,0,0,0,0
1911,6,1,0,0,0,0,0
1911,7,8,0,2,20,0,0
1911,9,4,0,0,0,0,0
1911,10,12,5,6310,8750,6310,8750
1911,11,7,2,1600,2000,1600,2000
1911,12,6,1,1101,1650,800,1000
1912,1,2,0,50,55,0,0
1912,2,1,0,0,0,0,0
1912,3,1,1,800,1000,800,1000
1912,4,4,1,800,1000,800,1000
1912,6,2,1,800,1000,800,1000
1912,8,1,0,0,0,0,0
1912,9,10,2,1605,2005,1600,2000
1912,10,12,9,30685,40500,30685,40500
1912,11,17,10,13210,16880,13210,16880
1912,12,2,2,120,220,120,220
1913,1,2,2,3240,3695,3240,3695
1913,2,3,2,5050,6150,5050,6150
1913,3,2,0,0,0,0,0
1913,4,3,0,4,80,0,0
1913,5,4,0,4,80,0,0
1913,6,7,4,12054,16955,11650,16275
1913,7,13,6,16900,23800,15500,20400
1913,8,2,0,0,0,0,0
1913,10,3,0,0,0,0,0
1913,11,4,0,0,0,0,0
1913,12,2,0,0,0,0,0
1914,1,1,0,0,0,0,0
1914,2,2,0,0,0,0,0
1914,4,5,0,324,344,0,0
1914,5,1,0,0,0,0,0
1914,6,2,0,0,0,0,0
1914,7,11,0,0,0,0,0
1914,8,45,35,671624,841120,671613,841095
1914,9,30,20,571934,677638,570279,675913
1914,10,34,18,99597,146547,98410,145350
1914,11,13,7,148340,170270,148330,170255
1914,12,15,8,145407,182612,145320,182505
1915,1,22,10,595527,688312,594980,687765
1915,2,18,7,21630,24235,21630,24235
1915,3,40,3,7495,10395,7300,10200
1915,4,50,15,171834,218884,171150,218200
1915,5,77,13,345236,388116,345070,387950
1915,6,122,12,513328,576121,513046,575805
1915,7,97,4,42681,64810,42531,64660
1915,8,125,13,213327,252667,213110,252450
1915,9,68,8,83649,107749,83600,107700
1915,10,76,27,129291,161170,129046,160925
1915,11,72,5,46940,69940,46750,69750
1915,12,50,5,52917,66887,52890,66860
1916,1,46,10,699323,799873,699200,799750
1916,2,62,5,347962,384422,346440,382900
1916,3,78,5,25739,34889,25525,34675
1916,4,97,2,823,1423,600,1200
1916,5,78,4,34373,38441,34350,38400
1916,6,91,7,162373,193449,159600,190640
1916,7,99,9,425572,491572,425500,491500
1916,8,150,11,194359,242671,194052,242040
1916,9,176,10,23178,33888,23130,33840
1916,10,153,8,50949,62849,49400,61300
1916,11,190,11,159279,241179,158500,240400
1916,12,170,6,53153,66708,52320,65840
1917,1,170,12,832675,970785,832300,970410
1917,2,302,2,1651,2195,521,1060
1917,3,349,8,7151,11041,6520,10410
1917,4,416,10,156650,185365,156045,184760
1917,5,338,7,50838,54922,50021,54105
1917,6,367,4,17048,25338,16510,24800
1917,7,271,13,80348,95759,80111,95522
1917,8,216,6,96249,109249,96000,109000
1917,9,226,3,9002,14402,8825,14225
1917,10,197,4,19106,23676,18910,23480
1917,11,166,9,27455,33645,27340,33530
1917,12,190,2,6470,8770,5400,7700
1918,1,186,9,464202,570475,463880,570115
1918,2,157,3,438,748,160,390
1918,3,227,14,491932,554877,491845,554780
1918,4,168,11,54299,62487,54146,62270
1918,5,172,5,47255,53364,45606,51715
1918,6,126,13,46436,55126,46355,55045
1918,7,148,7,67980,73495,67870,73385
1918,8,177,8,29781,38678,29620,38500
1918,9,172,50,331547,402102,331258,401783
1918,10,97,12,68837,94510,68812,94475
1918,11,26,8,38646,59126,37840,57720
1918,12,13,1,50,200,20,50
1919,1,29,13,2901,4379,2819,4199
1919,2,8,3,65,138,12,50
1919,3,18,3,895,1550,855,1450
1919,4,23,4,1811,3160,1750,3000
1919,5,21,8,2112,3072,2027,2902
1919,6,23,10,3290,4958,2670,3990
1919,7,8,2,2450,3100,2450,3100
1919,8,14,3,3519,4893,2550,3300
1919,9,15,1,50,100,50,100
1919,10,10,2,3520,4300,3520,4300
1919,11,13,9,3010,4520,2960,4395
1919,12,1,0,0,0,0,0
1920,1,12,10,2332,3635,2332,3635
1920,2,3,1,600,800,600,800
1920,3,10,0,20,50,0,0
1920,4,8,5,8716,13250,8716,13250
1920,5,11,2,1186,2315,1001,1970
1920,6,11,1,13352,19750,13000,19000
1920,7,12,2,660,1160,660,1160
1920,8,8,7,16760,20425,16760,20425
1920,9,3,3,9430,13295,9430,13295
1920,10,4,2,290,350,290,350
1920,11,1,1,500,650,500,650
1920,12,1,0,0,0,0,0
1921,1,6,3,650,920,650,920
1921,2,5,0,1,15,0,0
1921,3,17,1,1387,1575,1350,1475
1921,4,1,0,0,0,0,0
1921,5,4,0,40,100,0,0
1921,6,3,0,20,50,0,0
1921,7,3,1,3050,3200,3050,3200
1921,8,7,1,7352,8270,7300,8100
1921,9,3,0,50,150,0,0
1921,10,1,0,0,0,0,0
1922,1,1,1,380,415,380,415
1922,4,1,0,0,0,0,0
1922,6,1,0,0,0,0,0
1922,7,3,0,0,0,0,0
1922,8,10,1,10100,10550,10100,10550
1922,9,9,1,600,1200,600,1200
1922,11,1,0,0,0,0,0
1923,1,17,0,2,25,0,0
1923,3,2,0,0,0,0,0
1923,4,1,0,0,0,0,0
1923,5,2,0,0,0,0,0
1923,8,4,0,0,0,0,0
1923,9,3,0,0,0,0,0
1923,10,1,0,0,0,0,0
1923,12,2,0,0,0,0,0
1924,6,1,0,0,0,0,0
1924,10,2,0,0,0,0,0
1925,9,2,0,0,0,0,0
1925,10,6,0,32,62,0,0
1925,12,5,0,2,50,0,0
1926,1,2,0,0,0,0,0
1926,3,11,0,1,1,0,0
1926,4,2,0,0,0,0,0
1926,5,1,0,0,0,0,0
1926,8,3,0,0,0,0,0
1926,9,1,0,0,0,0,0
1926,11,2,0,0,0,0,0
1927,1,11,0,0,0,0,0
1927,2,5,0,1,1,0,0
1927,3,5,0,42,42,0,0
1927,4,3,0,0,0,0,0
1927,6,2,0,0,0,0,0
1927,7,1,0,0,0,0,0
1927,8,3,0,0,0,0,0
1927,10,5,0,0,0,0,0
1928,2,3,0,0,0,0,0
1928,4,1,0,0,0,0,0
1928,5,7,0,91,305,0,0
1928,7,1,0,1,1,0,0
1928,10,1,0,0,0,0,0
1928,12,5,0,4,40,0,0
1929,1,1,0,4,4,0,0
1929,3,2,0,0,0,0,0
1929,4,4,0,0,0,0,0
1929,5,1,0,0,0,0,0
1929,6,5,0,0,0,0,0
1929,7,10,0,0,0,0,0
1929,8,16,4,562,842,560,840
1929,9,2,1,30,70,30,70
1929,10,5,5,150,350,150,350
1929,11,4,4,3350,5745,3350,5745
1930,1,5,0,2,2,0,0
1931,2,1,0,1,1,0,0
1931,6,2,0,0,0,0,0
1931,9,6,2,5341,6805,5341,6805
1931,11,2,2,955,1315,955,1315
1931,12,1,1,600,850,600,850
1932,1,9,2,5400,5950,5400,5950
1932,2,2,0,0,0,0,0
1932,4,2,0,0,0,0,0
1932,5,1,0,0,0,0,0
1932,6,4,0,0,0,0,0
1932,7,8,0,26,101,0,0
1932,8,3,0,0,1,0,0
1932,9,10,1,1740,3813,1700,3713
1932,10,2,0,2,50,0,0
1932,11,2,1,151,456,151,456
1932,12,6,3,581,1500,581,1500
1933,1,6,2,12742,16748,12742,16748
1933,2,4,2,12782,16761,12780,16741
1933,3,2,0,0,0,0,0
1933,4,2,0,0,0,0,0
1933,5,3,1,556,566,556,566
1933,7,2,2,1810,2309,1810,2309
1933,8,1,0,0,0,0,0
1933,9,1,1,193,1031,193,1031
1933,10,1,1,5326,10686,5326,10686
1933,11,3,0,0,0,0,0
1934,1,1,0,0,0,0,0
1934,3,3,2,2075,2925,2075,2925
1934,4,3,0,0,0,0,0
1934,5,7,1,500,900,500,900
1934,7,4,0,1,1,0,0
1934,8,1,0,0,0,0,0
1934,9,2,0,0,0,0,0
1934,10,1,0,0,0,0,0
1934,11,5,2,1284,3769,1284,3769
1934,12,6,3,1148,3521,1148,3521
1935,1,16,0,141,400,0,0
1935,2,5,1,10560,32000,10560,32000
1935,3,1,0,0,0,0,0
1935,4,1,0,0,0,0,0
1935,6,3,0,0,0,0,0
1935,7,1,0,0,0,0,0
1935,8,2,0,2,10,0,0
1935,9,4,0,3,11,0,0
1935,10,4,1,651,920,600,800
1935,11,6,0,0,0,0,0
1935,12,4,1,3650,4850,3150,3850
1936,1,3,2,1200,2400,1200,2400
1936,2,4,3,7690,9530,7690,9530
1936,3,10,1,1273,2551,1200,2400
1936,4,6,1,3807,5564,800,1500
1936,5,2,1,550,1200,550,1200
1936,7,4,1,2002,2420,2000,2400
1936,8,3,3,320,440,320,440
1936,9,2,0,2,20,0,0
1936,10,1,0,0,0,0,0
1936,11,3,0,2,20,0,0
1936,12,3,0,0,0,0,0
1937,1,3,3,610,870,610,870
1937,2,2,2,1435,2100,1435,2100
1937,3,3,3,4360,5730,4360,5730
1937,4,1,0,0,0,0,0
1937,5,2,0,0,0,0,0
1937,6,7,2,221,370,220,350
1937,7,11,5,40158,60730,40155,60650
1937,8,4,3,205060,221530,205060,221530
1937,9,9,2,36200,50450,36200,50450
1937,10,2,0,0,0,0,0
1937,12,6,2,34401,41001,34400,41000
1938,1,7,4,29270,39390,29270,39390
1938,2,1,1,150,700,150,700
1938,3,10,1,9001,16001,9000,16000
1938,4,6,0,2,20,0,0
1938,5,2,0,0,0,0,0
1938,6,13,1,70004,300020,70000,300000
1938,7,16,2,1502,2170,1400,1900
1938,8,3,0,0,0,0,0
1938,9,13,0,0,0,0,0
1938,10,2,1,3070,3200,3070,3200
1938,11,1,0,2,2,0,0
1939,1,5,1,29000,39000,29000,39000
1939,3,16,1,22085,32625,22000,32500
1939,4,4,3,9391,14080,9391,14080
1939,5,7,0,81,115,0,0
1939,6,8,0,24,240,0,0
1939,7,9,2,8413,9813,8400,9800
1939,8,24,4,11223,13101,11220,13080
1939,9,43,9,81416,97429,80008,95991
1939,10,15,0,302,302,0,0
1939,11,33,3,47100,60170,47060,60130
1939,12,35,7,53670,62700,53670,62700
1940,1,61,7,73493,96053,73200,95760
1940,2,41,2,43188,49216,43005,49010
1940,3,29,0,112,116,0,0
1940,4,72,6,7820,10330,6691,8386
1940,5,81,10,192188,241832,189960,239230
1940,6,73,3,4423,5555,1821,2490
1940,7,33,6,5629,5948,5412,5682
1940,8,53,1,910,1002,485,540
1940,9,24,2,328,426,271,320
1940,10,39,2,26902,27991,26810,27865
1940,11,20,3,641,695,157,207
1940,12,40,1,2391,2611,2250,2450
1941,1,34,17,72070,95070,72013,94965
1941,2,18,2,4570,5284,4200,4900
1941,3,23,5,14461,24887,14306,24715
1941,4,68,21,45508,60513,43495,57155
1941,5,65,14,9955,13385,8164,11129
1941,6,43,16,605700,708105,605460,707680
1941,7,32,9,106426,128390,106011,127844
1941,8,31,3,79366,107234,78500,106000
1941,9,25,9,423951,520119,423862,519967
1941,10,23,7,138557,178617,137950,177900
1941,11,22,8,14046,16051,11911,13826
1941,12,66,33,313354,452459,310728,449589
1942,1,39,24,1321878,1477113,1321185,1476295
1942,2,44,12,12832,13766,12059,12904
1942,3,48,7,6202,6822,3620,4075
1942,4,41,6,3324,3885,1648,2118
1942,5,44,22,221884,260004,220525,258606
1942,6,54,23,231455,252564,229465,250485
1942,7,20,6,131048,173033,130870,172850
1942,8,68,29,659726,742739,657985,740968
1942,9,37,1,1603,1664,790,820
1942,10,38,15,9510,11793,8951,11224
1942,11,46,18,390677,429076,387860,425915
1942,12,28,5,32739,43205,31460,41900
1943,1,34,16,1298806,1470443,1298305,1469875
1943,2,30,5,3364,4562,2875,4050
1943,3,30,13,52972,55689,52554,55261
1943,4,20,5,3194,4404,2780,3935
1943,5,16,7,50826,54046,50780,53955
1943,6,8,0,3,35,0,0
1943,7,44,22,288827,335087,288008,334061
1943,8,32,9,501442,576507,500997,575777
1943,9,33,6,51191,65234,50260,64210
1943,10,38,8,3674,4618,2076,2775
1943,11,41,27,228419,286651,227408,285620
1943,12,23,13,55336,64661,52998,62315
1944,1,32,19,1323008,1492149,1322570,1491650
1944,2,29,12,30760,33181,28353,30745
1944,3,27,9,119471,156225,118921,155631
1944,4,19,7,202841,252075,201920,251140
1944,5,18,10,69889,84209,69705,84025
1944,6,46,25,599390,716279,594967,711800
1944,7,27,12,145730,167870,145310,167340
1944,8,51,30,364301,460321,363340,459140
1944,9,20,17,159005,186315,159000,186305
1944,10,47,29,579211,640971,576940,638650
1944,11,18,4,25477,30676,23100,27700
1944,12,29,11,145513,170043,143850,168200
1945,1,30,18,1076907,1273917,1076610,1273575
1945,2,24,12,122323,148828,121570,148050
1945,3,19,13,106781,128247,106449,127795
1945,4,38,23,451042,501176,450248,500273
1945,5,21,6,12544,16246,10512,14179
1945,6,7,2,1775,2020,1312,1440
1945,7,6,1,1841,2206,725,980
1945,8,4,2,88030,107600,69870,87330
1945,11,3,0,0,0,0,0
1946,1,1,0,0,0,0,0
1946,2,3,0,0,0,0,0
1946,3,6,0,0,0,0,0
1946,5,7,0,102,275,0,0
1946,6,2,0,0,0,0,0
1946,7,3,0,0,0,0,0
1946,8,8,0,5,5,0,0
1946,9,6,0,0,0,0,0
1946,10,6,0,44,44,0,0
1946,11,6,0,0,0,0,0
1947,2,1,0,0,0,0,0
1947,4,5,0,0,0,0,0
1947,5,1,0,0,0,0,0
1947,6,9,0,0,0,0,0
1947,9,1,0,0,0,0,0
1947,10,13,1,157,710,150,400
1947,11,9,2,1302,2450,800,1450
1947,12,3,1,100,500,100,500
1948,1,3,0,0,0,0,0
1948,2,7,2,245,900,245,900
1948,3,6,0,0,0,0,0
1948,4,8,0,0,0,0,0
1948,5,18,7,1224,2619,622,1370
1948,6,6,2,95,150,95,150
1948,7,13,5,528,1752,376,1450
1948,8,5,0,151,325,0,0
1948,9,2,0,0,0,0,0
1948,10,11,5,179,361,178,360
1948,11,3,0,0,0,0,0
1948,12,4,1,23,112,21,110
1949,1,3,0,1,10,0,0
1949,3,7,0,2,15,0,0
1949,4,6,0,0,0,0,0
1949,5,1,0,0,0,0,0
1949,6,3,0,0,0,0,0
1949,7,5,0,286,385,0,0
1949,8,30,0,177,400,0,0
1949,9,11,0,1,1,0,0
1949,10,8,0,1,1,0,0
1949,12,3,0,2,200,0,0
1950,1,2,0,0,0,0,0
1950,2,13,0,0,0,0,0
1950,3,3,1,600,6500,600,6500
1950,4,4,0,12,210,0,0
1950,5,2,1,800,1200,800,1200
1950,6,12,5,56243,77086,56236,77031
1950,7,29,15,97026,150476,97014,150350
1950,8,14,7,55217,84001,55209,83993
1950,9,23,18,21152,37341,21100,37141
1950,10,82,28,216814,406855,216814,406855
1950,11,35,24,24523,36371,24516,36301
1950,12,26,19,3881,5894,3878,5843
1951,1,33,29,3487,5500,3162,5025
1951,2,47,40,8420,12153,8417,12150
1951,3,45,36,4981,22213,4978,22210
1951,4,42,36,5174,8025,5160,8011
1951,5,39,31,4892,6093,4883,6066
1951,6,53,28,2151,3220,2142,3211
1951,7,40,30,645,1184,641,1180
1951,8,53,31,9362,12661,9349,12608
1951,9,51,41,6374,14290,6369,14285
1951,10,49,43,3453,4744,3453,4744
1951,11,62,50,1354,2282,1338,2266
1951,12,39,31,520,1073,517,1070
1952,1,48,34,628,1427,485,1125
1952,2,32,27,404,849,402,847
1952,3,37,34,615,1288,614,1287
1952,4,33,24,1766,2460,1761,2455
1952,5,32,30,569,1154,569,1154
1952,6,46,36,1243,2760,1228,2745
1952,7,59,47,1012,2057,1010,2055
1952,8,45,38,1280,2110,1278,2108
1952,9,44,36,1630,2833,1630,2833
1952,10,58,44,13287,27735,10788,24562
1952,11,57,46,1140,2332,1062,2025
1952,12,35,33,493,1024,492,1023
1953,1,51,41,607,1294,605,1292
1953,2,38,18,1581,2804,1248,2079
1953,3,55,21,2451,3611,2353,3275
1953,4,36,32,640,1201,610,1161
1953,5,62,57,2890,4476,2888,4426
1953,6,45,39,2874,4234,1374,2284
1953,7,61,49,13390,17735,13317,17652
1953,8,7,0,0,0,0,0
1953,9,18,0,17,57,0,0
1953,10,27,0,10,50,0,0
1953,11,4,0,5,5,0,0
1953,12,9,0,0,0,0,0
1954,1,4,0,2,2,0,0
1954,2,5,0,1,1,0,0
1954,3,16,0,0,0,0,0
1954,4,8,0,1,1,0,0
1954,5,6,0,0,0,0,0
1954,6,2,0,0,0,0,0
1954,7,22,0,11,11,0,0
1954,8,5,0,1,25,0,0
1954,9,15,1,4410,8410,4400,8400
1954,10,2,0,0,0,0,0
1954,11,11,0,41,41,0,0
1954,12,9,0,0,0,0,0
1955,1,27,2,935,1250,935,1250
1955,2,14,0,3,7,0,0
1955,3,9,0,0,0,0,0
1955,4,3,0,3,3,0,0
1955,5,23,0,14,40,0,0
1955,6,10,0,2,2,0,0
1955,8,14,0,54,54,0,0
1955,9,15,0,8,32,0,0
1955,10,24,0,9,9,0,0
1955,11,10,0,252,500,0,0
1955,12,7,0,54,54,0,0
1956,1,6,0,2,50,0,0
1956,2,21,0,8,80,0,0
1956,3,22,0,25,25,0,0
1956,4,8,0,7,7,0,0
1956,5,8,0,7,7,0,0
1956,6,14,0,3,3,0,0
1956,7,10,0,10,10,0,0
1956,8,14,0,36,36,0,0
1956,9,25,0,50,89,0,0
1956,10,23,6,568,1316,502,1250
1956,11,18,9,4317,5905,4313,5745
1956,12,10,0,0,0,0,0
1957,1,9,0,4,4,0,0
1957,2,14,0,0,0,0,0
1957,3,6,0,0,0,0,0
1957,4,29,0,0,0,0,0
1957,5,14,0,35,35,0,0
1957,6,7,0,2,50,0,0
1957,7,5,0,0,0,0,0
1957,8,13,0,0,0,0,0
1957,9,9,0,0,0,0,0
1957,10,7,0,0,0,0,0
1957,11,28,2,73,241,72,240
1957,12,10,0,0,0,0,0
1958,1,5,1,46,70,46,70
1958,2,19,4,142,260,142,260
1958,3,13,0,2,20,0,0
1958,4,19,0,1,1,0,0
1958,5,18,0,9,9,0,0
1958,6,15,0,0,0,0,0
1958,7,24,0,5,19,0,0
1958,8,29,1,1155,1514,800,1000
1958,9,29,0,33,115,0,0
1958,10,6,0,3,3,0,0
1958,11,27,0,4,4,0,0
1958,12,24,0,2,26,0,0
1959,1,12,0,2,26,0,0
1959,2,7,0,2,2,0,0
1959,3,13,0,0,0,0,0
1959,4,19,0,1,1,0,0
1959,5,4,0,0,0,0,0
1959,6,21,0,5,5,0,0
1959,7,14,0,7,7,0,0
1959,8,13,0,4,4,0,0
1959,9,18,0,2,20,0,0
1959,10,8,0,18,27,0,0
1959,11,4,0,0,0,0,0
1959,12,18,0,1,1,0,0
1960,1,14,0,3,51,0,0
1960,2,11,0,2,2,0,0
1960,3,7,0,0,0,0,0
1960,4,15,0,1,25,0,0
1960,5,32,0,0,0,0,0
1960,6,23,0,2,2,0,0
1960,7,29,0,67,224,0,0
1960,8,16,0,1,10,0,0
1960,9,13,0,0,0,0,0
1960,10,14,0,0,0,0,0
1960,11,6,0,58,206,0,0
1960,12,17,0,53,210,0,0
1961,1,14,0,3,21,0,0
1961,2,6,0,2,2,0,0
1961,3,7,0,0,0,0,0
1961,4,31,0,2,26,0,0
1961,5,9,0,2,2,0,0
1961,6,15,0,1,1,0,0
1961,7,18,0,42,105,0,0
1961,8,24,0,6,6,0,0
1961,9,7,0,0,0,0,0
1961,10,31,0,1,1,0,0
1961,11,16,0,0,0,0,0
1961,12,46,0,38,67,0,0
1962,1,23,0,51,406,0,0
1962,2,14,0,0,0,0,0
1962,3,47,0,54,254,0,0
1962,4,12,0,1,1,0,0
1962,5,35,3,1120,2699,1050,2250
1962,6,15,0,5,5,0,0
1962,7,18,0,56,232,0,0
1962,8,71,0,13,27,0,0
1962,9,24,0,9,40,0,0
1962,10,51,2,1213,1803,1210,1800
1962,11,44,2,385,1321,280,750
1962,12,16,0,3,30,0,0
1963,1,15,0,3,21,0,0
1963,2,37,0,52,200,0,0
1963,3,15,0,0,0,0,0
1963,4,25,0,1,1,0,0
1963,5,14,0,0,0,0,0
1963,6,17,0,51,61,0,0
1963,7,18,0,7,7,0,0
1963,8,26,0,7,31,0,0
1963,9,32,0,2,2,0,0
1963,10,45,0,69,140,0,0
1963,11,23,0,16,88,0,0
1963,12,21,1,419,935,400,916
1964,1,20,1,26,144,20,40
1964,2,33,0,111,299,0,0
1964,3,30,0,32,32,0,0
1964,4,17,0,6,6,0,0
1964,5,20,2,1358,2464,255,311
1964,6,21,4,873,1132,868,1059
1964,7,50,9,11482,12814,11418,12698
1964,8,78,4,895,1109,868,1058
1964,9,26,3,680,822,562,685
1964,10,19,5,1488,1836,1482,1806
1964,11,20,7,744,915,727,883
1964,12,36,9,2177,3121,2177,3121
1965,1,12,7,40072,47795,40069,47788
1965,2,31,6,283,394,273,326
1965,3,29,5,228,268,155,186
1965,4,27,5,620,1056,608,966
1965,5,34,8,1638,2400,1572,2319
1965,6,28,7,1256,1662,1224,1622
1965,7,10,4,578,706,574,678
1965,8,44,9,4912,7481,4742,7215
1965,9,33,11,2236,3480,2222,3462
1965,10,26,8,2292,3401,2271,3371
1965,11,30,7,3596,4805,3578,4747
1965,12,45,8,2872,3901,2835,3860
1966,1,37,18,21892,25593,21891,25568
1966,2,24,4,1422,1617,1413,1592
1966,3,25,12,3797,5249,3790,5230
1966,4,30,5,1131,1515,1127,1313
1966,5,20,6,2006,2326,2005,2325
1966,6,12,10,3805,5472,3804,5471
1966,7,32,10,2990,3987,2982,3963
1966,8,29,13,2904,4181,2858,4021
1966,9,22,6,2308,2891,2305,2884
1966,10,33,6,1752,2071,1736,2025
1966,11,19,5,1433,1688,1423,1674
1966,12,22,4,1129,1279,1121,1263
1967,1,34,12,20997,23731,20918,23652
1967,2,53,14,8573,10602,8541,10506
1967,3,17,5,2642,3071,2636,2965
1967,4,26,6,2855,4287,2846,4238
1967,5,50,4,2332,2574,2331,2573
1967,6,47,13,6810,14474,6802,14466
1967,7,24,7,11225,13772,11196,13719
1967,8,30,4,1199,1353,1180,1302
1967,9,13,6,3598,5927,3586,5897
1967,10,18,8,3969,5605,3722,5246
1967,11,33,7,5582,6614,5566,6566
1967,12,15,6,2890,3275,2884,3257
1968,1,54,22,110950,138284,110896,138186
1968,2,29,5,3183,3418,3166,3401
1968,3,41,9,2689,3053,2669,3033
1968,4,35,7,4095,4941,4083,4885
1968,5,56,4,2946,3227,2866,3019
1968,6,36,5,1897,2052,1886,1985
1968,7,41,4,1119,1446,1108,1166
1968,8,54,4,1617,1741,1601,1687
1968,9,19,5,1846,2036,1798,1894
1968,10,28,6,1247,1650,1210,1581
1968,11,23,5,1195,1492,1185,1442
1968,12,37,5,1511,1906,1269,1336
1969,1,21,6,33885,37606,33884,37605
1969,2,45,4,4232,4904,4225,4869
1969,3,54,8,6002,7636,5908,7423
1969,4,40,4,3180,3753,3129,3608
1969,5,47,10,5356,6293,5333,6128
1969,6,32,6,4868,5838,4607,5302
1969,7,78,9,3939,5206,3131,3599
1969,8,26,5,3479,4083,3467,3997
1969,9,42,10,3167,4487,2886,3965
1969,10,32,4,1782,2215,1722,1985
1969,11,35,5,2386,2787,2366,2728
1969,12,30,5,1500,1797,1446,1671
1970,1,21,8,35000,38911,34988,38870
1970,2,28,4,2209,2625,2118,2462
1970,3,28,6,7659,10752,7643,10614
1970,4,30,4,2425,2867,2370,2757
1970,5,13,8,16982,26673,16972,26643
1970,6,29,4,1922,2352,1849,2149
1970,7,14,6,1655,1930,1644,1915
1970,8,15,5,1859,2183,1847,2150
1970,9,16,4,1504,2019,1300,1513
1970,10,12,4,1026,1197,1024,1191
1970,11,22,7,1490,1842,1473,1789
1970,12,9,5,1110,1407,1108,1401
1971,1,20,7,35571,39657,35567,39645
1971,2,10,8,7678,11548,7676,11542
1971,3,14,5,9465,11382,9455,11352
1971,4,21,4,3827,5394,2794,3357
1971,5,19,6,3653,4861,3477,4685
1971,6,17,4,1759,2150,1715,2062
1971,7,24,4,1101,1347,1087,1305
1971,8,23,5,1562,1908,1448,1740
1971,9,13,4,1215,1462,1204,1447
1971,10,22,5,1535,1869,1534,1844
1971,11,12,4,1108,1331,1108,1331
1971,12,29,19,2692,4000,2692,4000
1972,1,17,6,56850,62905,56848,62899
1972,2,6,4,472,570,472,570
1972,3,23,6,51277,71501,51277,71501
1972,4,36,11,33854,48946,33848,48898
1972,5,18,7,27068,53064,27011,52897
1972,6,8,6,11462,16187,11462,16187
1972,7,6,5,683,825,683,825
1972,8,10,4,522,630,522,630
1972,9,34,4,420,554,409,495
1972,10,12,5,823,1041,822,991
1972,11,10,4,274,380,272,330
1972,12,9,4,960,1157,960,1157
1973,1,32,5,44943,50412,44939,50360
1973,2,7,3,16,58,16,58
1973,3,22,1,8,17,2,11
1973,4,11,3,9,36,9,36
1973,5,11,2,4,22,4,22
1973,6,8,2,10,28,10,28
1973,7,3,2,4,22,4,22
1973,8,5,1,3,12,2,11
1973,9,4,1,5,62,3,12
1973,10,29,16,8098,13526,8045,13321
1973,11,11,1,2,11,2,11
1973,12,12,1,6,96,2,11
1974,1,18,1,53934,59609,53828,59493
1974,2,14,0,30,137,0,0
1974,3,9,0,57,154,0,0
1974,4,13,0,2,50,0,0
1974,5,7,1,2,11,2,11
1974,6,5,0,0,0,0,0
1974,7,23,8,683,1400,678,1395
1974,8,21,2,43,166,42,165
1974,9,6,0,2,2,0,0
1974,10,1,0,0,0,0,0
1974,11,30,0,6,30,0,0
1974,12,8,1,2102,3000,2100,2950
1975,1,5,2,12937,14307,12936,14306
1975,2,12,0,0,0,0,0
1975,3,10,3,52552,89652,52550,89650
1975,4,11,6,5320,10906,5320,10906
1975,5,12,0,36,110,0,0
1975,6,14,0,11,35,0,0
1975,7,10,0,0,0,0,0
1975,8,6,0,0,0,0,0
1975,9,15,0,0,0,0,0
1975,10,29,2,9,125,4,120
1975,11,20,5,86,472,85,471
1975,12,26,2,49,337,33,225
1976,1,16,6,172,927,70,652
1976,2,17,10,30,1010,20,1000
1976,3,1,0,0,0,0,0
1976,4,14,0,0,0,0,0
1976,5,3,0,0,0,0,0
1976,6,8,0,2,2,0,0
1976,7,17,0,25,43,0,0
1976,8,15,0,2,2,0,0
1976,9,8,0,0,0,0,0
1976,10,5,0,4,40,0,0
1976,11,13,0,12,28,0,0
1976,12,2,0,0,0,0,0
1977,1,9,1,2,10,2,10
1977,2,6,0,1,1,0,0
1977,3,8,0,2,50,0,0
1977,4,26,0,2,20,0,0
1977,5,53,0,35,321,0,0
1977,6,23,0,15,63,0,0
1977,7,43,1,2689,3609,2500,3100
1977,8,22,2,1864,4013,1850,3950
1977,9,22,2,585,1880,555,1750
1977,10,13,3,207,1090,204,1050
1977,11,26,0,1,10,0,0
1977,12,5,1,200,800,200,800
1978,1,15,1,2,10,2,10
1978,2,15,0,200,318,0,0
1978,3,27,2,482,1315,450,1200
1978,4,17,0,15,133,0,0
1978,5,18,0,35,288,0,0
1978,6,10,0,17,41,0,0
1978,7,13,0,81,206,0,0
1978,8,11,1,503,732,500,725
1978,9,5,0,0,0,0,0
1978,10,25,2,296,999,185,495
1978,11,20,0,264,593,0,0
1978,12,15,3,3251,9510,3200,9450
1979,1,34,4,373,723,361,590
1979,2,34,4,8012,25475,7630,24190
1979,3,30,0,161,300,0,0
1979,4,19,1,20,39,8,12
1979,5,14,3,83,110,81,108
1979,6,18,0,2,20,0,0
1979,7,12,0,171,501,0,0
1979,8,7,0,1,25,0,0
1979,9,6,0,1,10,0,0
1979,10,19,0,61,138,0,0
1979,11,28,0,4,100,0,0
1979,12,12,0,1,1,0,0
1980,1,14,1,2,10,2,10
1980,2,18,0,6,6,0,0
1980,3,19,0,7,65,0,0
1980,4,10,0,1,1,0,0
1980,5,11,0,284,359,0,0
1980,6,33,0,125,247,0,0
1980,7,15,0,1802,2360,0,0
1980,8,19,0,60,158,0,0
1980,9,47,1,2696,8754,2400,7700
1980,10,4,0,1,1,0,0
1980,11,15,2,1682,4802,1680,4800
1980,12,18,0,10,82,0,0
1981,1,20,3,15345,25801,15342,25750
1981,2,5,0,1,1,0,0
1981,3,3,0,0,0,0,0
1981,4,19,0,3,75,0,0
1981,5,22,0,310,532,0,0
1981,6,8,0,10,10,0,0
1981,7,18,0,35,158,0,0
1981,8,10,0,259,508,0,0
1981,9,58,1,11608,12444,11600,12400
1981,10,40,0,0,0,0,0
1981,11,11,0,0,0,0,0
1981,12,13,0,8,8,0,0
1982,1,13,2,15013,25021,15002,25010
1982,2,14,0,5,5,0,0
1982,3,28,0,0,0,0,0
1982,4,31,3,9025,27073,9005,27005
1982,5,31,2,636,838,116,136
1982,6,33,9,712,1828,708,1776
1982,7,23,1,23591,28977,23400,28600
1982,8,14,0,639,1014,0,0
1982,9,18,0,1,20,0,0
1982,10,8,1,400,12000,400,12000
1982,11,5,2,9450,16920,9450,16920
1982,12,9,0,2,2,0,0
1983,1,15,2,15002,25010,15002,25010
1983,2,14,1,13000,19000,13000,19000
1983,3,5,0,1,25,0,0
1983,4,35,0,135,281,0,0
1983,5,9,0,6,6,0,0
1983,6,5,0,3,3,0,0
1983,7,15,2,7800,22000,7800,22000
1983,8,35,0,400,680,0,0
1983,9,12,0,102,500,0,0
1983,10,30,1,809,2320,740,2220
1983,11,14,0,0,0,0,0
1983,12,14,0,12,60,0,0
1984,1,25,2,15330,26096,15002,25010
1984,2,10,1,15000,45000,15000,45000
1984,3,63,0,11,11,0,0
1984,4,25,2,2114,7534,2100,7300
1984,5,26,0,202,500,0,0
1984,6,28,1,1587,4407,1500,4000
1984,7,9,1,1066,3985,800,3500
1984,8,24,0,11,11,0,0
1984,9,5,0,0,0,0,0
1984,10,8,0,2,2,0,0
1984,11,22,0,7,7,0,0
1984,12,13,0,625,825,0,0
1985,1,36,2,15080,25820,15002,25010
1985,2,12,0,200,350,0,0
1985,3,14,1,5020,15416,5000,15000
1985,4,8,0,301,625,0,0
1985,5,13,0,313,452,0,0
1985,6,13,0,0,0,0,0
1985,7,3,0,0,0,0,0
1985,8,13,0,4,52,0,0
1985,9,20,0,233,442,0,0
1985,10,19,0,77,90,0,0
1985,11,12,0,13,55,0,0
1985,12,30,0,21,135,0,0
1986,1,16,2,15005,25013,15002,25010
1986,2,12,1,84000,104000,84000,104000
1986,3,23,0,886,886,0,0
1986,4,18,0,1,1,0,0
1986,5,13,1,17201,21601,17200,21600
1986,6,17,1,2405,5205,2400,5200
1986,7,13,0,1,1,0,0
1986,8,17,0,0,0,0,0
1986,9,10,0,0,0,0,0
1986,10,8,1,240,1100,200,1000
1986,11,7,0,0,0,0,0
1986,12,26,1,265,1423,200,1000
1987,1,19,4,58225,77511,57387,75830
1987,2,13,0,281,530,0,0
1987,3,23,1,1241,1379,1220,1340
1987,4,24,2,947,8180,800,8000
1987,5,28,0,29,53,0,0
1987,6,16,0,8,8,0,0
1987,7,18,0,0,0,0,0
1987,8,14,1,1811,2650,1800,2600
1987,9,11,1,1060,1820,1060,1820
1987,10,10,0,11,11,0,0
1987,11,4,0,101,175,0,0
1987,12,13,0,24,54,0,0
1988,1,7,2,15003,25011,15002,25010
1988,2,11,0,2,50,0,0
1988,3,15,1,405,4053,400,4000
1988,4,6,1,400,2400,400,2400
1988,5,3,1,200,800,200,800
1988,6,4,1,1720,4980,1720,4980
1988,7,2,0,0,0,0,0
1988,8,4,0,0,0,0,0
1988,9,4,0,0,0,0,0
1988,10,1,0,0,0,0,0
1988,11,1,0,0,0,0,0
1988,12,3,0,1,1,0,0
1989,1,6,0,0,0,0,0
1989,2,2,0,0,0,0,0
1989,3,12,0,77,77,0,0
1989,4,3,0,1,1,0,0
1989,5,7,0,6,30,0,0
1989,6,1,0,0,0,0,0
1989,7,1,0,0,0,0,0
1989,9,6,0,4,4,0,0
1989,10,5,0,2,4,0,0
1989,11,5,0,2,6,0,0
1989,12,11,0,255,345,0,0
1990,1,6,0,0,0,0,0
1990,2,10,0,41,41,0,0
1990,4,10,0,0,0,0,0
1990,5,4,0,2,50,0,0
1990,6,2,0,0,0,0,0
1990,7,5,0,0,0,0,0
1990,8,6,1,1281,1521,680,770
1990,9,3,0,0,0,0,0
1990,11,2,0,2,2,0,0
1991,1,35,21,8252,44575,8252,44575
1991,2,9,5,195,552,193,550
1991,3,2,0,1,2,0,0
1991,4,10,0,5,5,0,0
1991,5,13,0,0,0,0,0
1991,6,4,0,0,0,0,0
1991,7,4,0,0,0,0,0
1991,8,22,0,36,60,0,0
1991,9,12,0,30,54,0,0
1991,10,7,0,0,0,0,0
1991,11,2,0,0,0,0,0
1991,12,10,0,1,1,0,0
1992,1,3,0,27,101,0,0
1992,2,4,0,129,425,0,0
1992,3,9,0,33,120,0,0
1992,4,18,2,1285,3601,1200,2950
1992,5,13,0,310,964,0,0
1992,6,8,1,394,1567,360,1440
1992,7,19,0,52,200,0,0
1992,8,11,0,2,60,0,0
1992,9,8,0,2,2,0,0
1992,10,7,0,57,205,0,0
1992,11,2,0,0,0,0,0
1992,12,8,0,4,71,0,0
1993,1,58,0,21,182,0,0
1993,2,10,1,608,2408,600,2400
1993,3,27,1,1463,2777,1460,2700
1993,4,24,0,1,1,0,0
1993,5,9,0,0,0,0,0
1993,6,13,2,1634,2676,1630,2600
1993,7,26,0,65,142,0,0
1993,8,20,0,10,14,0,0
1993,9,12,0,6,303,0,0
1993,10,20,0,50,200,0,0
1993,11,20,0,7,103,0,0
1993,12,6,0,50,200,0,0
1994,1,17,0,5,125,0,0
1994,2,13,0,4,80,0,0
1994,3,14,0,47,47,0,0
1994,4,22,0,6,6,0,0
1994,5,10,0,0,0,0,0
1994,6,23,0,1,1,0,0
1994,7,15,0,10,10,0,0
1994,8,16,0,0,0,0,0
1994,9,24,0,10,10,0,0
1994,10,38,0,0,0,0,0
1994,11,12,0,0,0,0,0
1994,12,15,0,6,15,0,0
1995,1,31,5,385,803,306,690
1995,2,12,3,8,92,6,90
1995,3,30,0,58,224,0,0
1995,4,13,0,3,21,0,0
1995,5,23,0,16,43,0,0
1995,6,13,0,5,5,0,0
1995,7,11,0,3,55,0,0
1995,8,19,0,0,0,0,0
1995,9,11,0,0,0,0,0
1995,10,4,0,1,5,0,0
1995,11,10,0,0,0,0,0
1995,12,25,0,31,67,0,0
1996,1,23,0,1,10,0,0
1996,2,26,0,6,57,0,0
1996,3,22,0,1,25,0,0
1996,4,19,0,55,227,0,0
1996,5,17,0,0,0,0,0
1996,6,21,0,3,21,0,0
1996,7,22,0,0,0,0,0
1996,8,20,0,3,15,0,0
1996,9,36,0,3,36,0,0
1996,10,22,0,351,740,0,0
1996,11,19,0,0,0,0,0
1996,12,18,0,0,0,0,0
1997,1,19,0,8,22,0,0
1997,2,12,0,0,0,0,0
1997,3,31,0,0,0,0,0
1997,4,29,0,111,207,0,0
1997,5,33,0,2,50,0,0
1997,6,19,0,13,80,0,0
1997,7,10,0,8,16,0,0
1997,8,30,0,153,169,0,0
1997,9,35,0,87,121,0,0
1997,10,35,0,58,215,0,0
1997,11,33,0,2,2,0,0
1997,12,20,0,3,20,0,0
1998,1,29,0,4,25,0,0
1998,2,15,0,12,110,0,0
1998,3,14,0,10,28,0,0
1998,4,8,0,8,50,0,0
1998,5,19,1,1624,2340,1600,2200
1998,6,55,0,413,960,0,0
1998,7,17,0,6,33,0,0
1998,8,65,0,361,1265,0,0
1998,9,44,0,0,0,0,0
1998,10,60,0,21,101,0,0
1998,11,18,0,0,0,0,0
1998,12,25,0,6,204,0,0
1999,1,75,1,1515,3057,1500,3000
1999,2,96,2,36004,53518,36000,53500
1999,3,151,2,8753,16407,8750,16400
1999,4,31,0,3,51,0,0
1999,5,34,1,132,470,110,310
1999,6,29,0,179,553,0,0
1999,7,25,9,219,3553,200,3525
1999,8,15,0,571,1151,0,0
1999,9,9,0,0,0,0,0
1999,10,25,0,0,0,0,0
1999,11,11,0,0,0,0,0
1999,12,4,0,0,0,0,0
2000,1,17,9,1523,3927,1520,3900
2000,2,26,0,19,23,0,0
2000,3,22,0,2,10,0,0
2000,4,14,0,2,10,0,0
2000,5,24,1,8503,16045,8500,16000
2000,6,14,0,57,363,0,0
2000,7,5,0,0,0,0,0
2000,8,10,0,2,2,0,0
2000,9,18,0,11,11,0,0
2000,10,18,0,0,0,0,0
2000,11,89,0,0,0,0,0
2000,12,6,0,10,100,0,0
2001,1,20,8,20,800,20,800
2001,2,17,0,26,100,0,0
2001,3,13,0,0,0,0,0
2001,4,18,0,4,4,0,0
2001,5,12,0,1,1,0,0
2001,6,5,0,0,0,0,0
2001,7,11,0,0,0,0,0
2001,8,21,0,1,1,0,0
2001,9,25,0,12,12,0,0
2001,10,39,0,8,350,0,0
2001,11,14,8,5308,6987,5293,6972
2001,12,16,3,127,191,122,162
2002,1,26,6,12,300,12,300
2002,2,15,0,0,0,0,0
2002,3,12,0,0,0,0,0
2002,4,20,0,23,47,0,0
2002,5,18,0,0,0,0,0
2002,6,24,0,18,18,0,0
2002,7,14,0,2,50,0,0
2002,8,12,0,0,0,0,0
2002,9,22,0,1,25,0,0
2002,10,19,0,22,80,0,0
2002,11,14,0,6,120,0,0
2002,12,16,0,4,52,0,0
2003,1,17,0,13,13,0,0
2003,2,17,0,2,26,0,0
2003,3,32,11,1814,3642,1414,2042
2003,4,16,3,1762,2424,1762,2424
2003,5,13,0,0,0,0,0
2003,6,14,0,4,22,0,0
2003,7,17,0,4,28,0,0
2003,8,18,0,0,0,0,0
2003,9,12,0,0,0,0,0
2003,10,12,0,4,52,0,0
2003,11,12,0,2,2,0,0
2003,12,9,0,0,0,0,0
2004,1,3,0,0,0,0,0
2004,2,7,0,0,0,0,0
2004,3,7,0,3,21,0,0
2004,4,6,0,3,21,0,0
2004,5,11,0,0,0,0,0
2004,6,14,0,8,39,0,0
2004,7,12,0,2,2,0,0
2004,8,9,0,0,0,0,0
2004,9,10,0,2,2,0,0
2004,10,10,0,2,20,0,0
2004,11,22,0,13,13,0,0
2004,12,9,0,1,25,0,0
2005,1,17,0,5,53,0,0
2005,2,6,0,0,0,0,0
2005,3,29,0,6,15,0,0
2005,4,8,0,3,3,0,0
2005,5,11,0,4,4,0,0
2005,6,10,0,2,2,0,0
2005,7,13,0,0,0,0,0
2005,8,5,0,0,0,0,0
2005,9,8,0,1,1,0,0
2005,10,14,0,1,1,0,0
2005,11,12,0,0,0,0,0
2005,12,5,0,0,0,0,0
2006,1,5,0,0,0,0,0
2006,2,4,0,0,0,0,0
2006,3,7,0,8,8,0,0
2006,4,9,0,3,27,0,0
2006,5,9,0,1,1,0,0
2006,6,9,0,3,3,0,0
2006,7,6,0,52,200,0,0
2006,8,8,0,0,0,0,0
2006,9,12,0,1,1,0,0
2006,10,8,0,5,16,0,0
2006,11,5,0,1,1,0,0
2006,12,3,0,0,0,0,0
2007,1,8,0,6,24,0,0
2007,2,9,0,1,1,0,0
2007,3,7,0,3,3,0,0
2007,4,9,0,18,42,0,0
2007,5,6,0,12,12,0,0
2007,6,8,0,0,0,0,0
2007,7,3,0,0,0,0,0
2007,8,8,0,0,0,0,0
2007,9,12,0,6,6,0,0
2007,10,6,0,2,2,0,0
2007,11,2,0,0,0,0,0
2007,12,5,0,2,2,0,0
2008,1,5,0,0,0,0,0
2008,2,6,0,1,1,0,0
2008,3,10,0,4,52,0,0
2008,4,12,0,1,1,0,0
2008,5,11,0,1,1,0,0
2008,6,9,0,15,63,0,0
2008,7,11,0,6,30,0,0
2008,8,8,0,131,450,0,0
2008,9,4,0,0,0,0,0
2008,10,7,0,2,2,0,0
2008,11,8,0,3,3,0,0
2008,12,7,0,0,0,0,0
2009,1,11,0,2,2,0,0
2009,2,11,0,4,4,0,0
2009,3,13,0,0,0,0,0
2009,4,5,0,3,21,0,0
2009,5,8,0,1,1,0,0
2009,6,4,0,0,0,0,0
2009,7,1,0,0,0,0,0
2009,8,9,0,0,0,0,0
2009,9,7,0,4,4,0,0
2009,10,6,0,0,0,0,0
2009,11,9,0,10,10,0,0
2009,12,10,0,0,0,0,0
2010,1,19,0,16,40,0,0
2010,2,6,0,3,3,0,0
2010,3,16,0,47,47,0,0
2010,4,6,0,0,0,0,0
2010,5,8,0,0,0,0,0
2010,6,10,0,10,58,0,0
2010,7,14,0,0,0,0,0
2010,8,9,0,9,60,0,0
2010,9,11,0,6,6,0,0
2010,10,10,0,3,3,0,0
2010,11,11,0,3,3,0,0
2010,12,6,0,0,0,0,0
2011,1,24,0,0,0,0,0
2011,2,23,0,4,4,0,0
2011,3,52,0,0,0,0,0
2011,4,26,0,12,12,0,0
2011,5,25,0,4,4,0,0
2011,6,27,0,3,15,0,0
2011,7,48,0,0,0,0,0
2011,8,18,0,3,3,0,0
2011,9,21,0,5,5,0,0
2011,10,26,0,4,8,0,0
2011,11,16,0,26,26,0,0
2011,12,18,0,0,0,0,0
2012,1,9,0,0,0,0,0
2012,2,18,0,0,0,0,0
2012,3,5,0,0,0,0,0
2012,4,13,0,0,0,0,0
2012,5,17,0,2,27,0,0
2012,6,15,0,8,8,0,0
2012,7,12,0,2,2,0,0
2012,8,12,0,2,2,0,0
2012,9,15,0,0,0,0,0
2012,10,26,0,2,20,0,0
2012,11,21,0,1,1,0,0
2012,12,18,0,0,0,0,0
2013,1,20,0,7,7,0,0
2013,2,15,0,2,2,0,0
2013,3,12,0,0,0,0,0
2013,4,15,0,0,0,0,0
2013,5,15,0,6,6,0,0
2013,6,21,0,3,3,0,0
2013,7,31,0,2,2,0,0
2013,8,35,0,7,7,0,0
2013,9,17,0,1,5,0,0
2013,10,27,0,4,4,0,0
2013,11,29,0,0,0,0,0
2013,12,25,0,2,2,0,0
2014,1,17,0,0,0,0,0
2014,2,13,0,0,0,0,0
2014,3,32,0,0,0,0,0
2014,4,40,0,0,0,0,0
2014,5,38,0,3,3,0,0
2014,6,21,0,6,6,0,0
2014,7,25,0,8,8,0,0
2014,8,29,0,2,2,0,0
2014,9,21,0,0,0,0,0
2014,10,39,0,2,2,0,0
2014,11,16,0,1,1,0,0
2014,12,23,0,4,4,0,0
